feature,category,observations,subscribers,observation_share,response_rate,is_unknown
job,admin.,10422,1352,0.25303486452364765,0.12972558050278257,False
job,blue-collar,9254,638,0.2246770904146839,0.06894315971471796,False
job,technician,6743,730,0.1637127318636496,0.10826041821147857,False
job,services,3969,323,0.09636301835486064,0.08138070042831948,False
job,management,2924,328,0.07099155093716616,0.1121751025991792,False
job,retired,1720,434,0.04175973584539186,0.25232558139534883,False
job,entrepreneur,1456,124,0.03535010197144799,0.08516483516483517,False
job,self-employed,1421,149,0.03450033990482665,0.10485573539760731,False
job,housemaid,1060,106,0.025735651160532193,0.1,False
job,unemployed,1014,144,0.024618821015829854,0.14201183431952663,False
job,student,875,275,0.02124405166553365,0.3142857142857143,False
job,unknown,330,37,0.008012042342429833,0.11212121212121212,True
marital,married,24928,2532,0.6052248227639119,0.10157252888318356,False
marital,single,11568,1620,0.28085850247644945,0.1400414937759336,False
marital,divorced,4612,476,0.11197436146450422,0.10320901994796183,False
marital,unknown,80,12,0.0019423132951345051,0.15,True
education,university.degree,12168,1670,0.29542585218995826,0.13724523339907954,False
education,high.school,9515,1031,0.23101388754006022,0.10835522858644246,False
education,basic.9y,6045,473,0.14676604836360105,0.0782464846980976,False
education,professional.course,5243,595,0.12729435757987764,0.11348464619492657,False
education,basic.4y,4176,428,0.10138875400602117,0.1024904214559387,False
education,basic.6y,2292,188,0.055647275905603574,0.08202443280977312,False
education,unknown,1731,251,0.042026803923472855,0.14500288850375506,True
education,illiterate,18,4,0.0004370204914052637,0.2222222222222222,False
default,no,32588,4197,0.7912013207730407,0.12878973855406897,False
default,unknown,8597,443,0.20872584247839177,0.051529603350005816,True
default,yes,3,0,7.283674856754395e-05,0.0,False
housing,yes,21576,2507,0.5238418956977761,0.11619391916944753,False
housing,no,18622,2026,0.4521219772749345,0.10879604768553323,False
housing,unknown,990,107,0.0240361270272895,0.10808080808080808,True
loan,no,33950,3850,0.8242692046227057,0.1134020618556701,False
loan,yes,6248,683,0.15169466835000486,0.10931498079385403,False
loan,unknown,990,107,0.0240361270272895,0.10808080808080808,True
contact,cellular,26144,3853,0.6347479848499563,0.14737607099143207,False
contact,telephone,15044,787,0.3652520151500437,0.05231321457059293,False
month,may,13769,886,0.3342963970088375,0.06434744716391895,False
month,jul,7174,649,0.17417694474118675,0.09046557011430165,False
month,aug,6178,655,0.14999514421676216,0.1060213661379087,False
month,jun,5318,559,0.12911527629406624,0.10511470477623167,False
month,nov,4101,416,0.09956783529183258,0.10143867349426969,False
month,apr,2632,539,0.06390210740992522,0.2047872340425532,False
month,oct,718,315,0.017432261823832184,0.4387186629526462,False
month,sep,570,256,0.013838982227833349,0.44912280701754387,False
month,mar,546,276,0.013256288239292998,0.5054945054945055,False
month,dec,182,89,0.004418762746430999,0.489010989010989,False
day_of_week,thu,8623,1045,0.2093570942993105,0.12118752174417256,False
day_of_week,mon,8514,847,0.2067106924346897,0.09948320413436693,False
day_of_week,wed,8134,949,0.19748470428280082,0.11667076469141874,False
day_of_week,tue,8090,953,0.19641643197047684,0.11779975278121137,False
day_of_week,fri,7827,846,0.19003107701272215,0.1080873898045228,False
poutcome,nonexistent,35563,3141,0.8634310964358551,0.08832213255349661,False
poutcome,failure,4252,605,0.10323395163639895,0.1422859830667921,False
poutcome,success,1373,894,0.033334951927745944,0.651128914785142,False
