inferred_period,observations,subscribers,non_subscribers,response_rate
2008-05,7763,240,7523,0.030915883034909185
2008-06,4374,188,4186,0.04298125285779607
2008-07,6685,407,6278,0.06088257292445774
2008-08,5175,271,4904,0.05236714975845411
2008-10,67,42,25,0.6268656716417911
2008-11,3616,190,3426,0.05254424778761062
2008-12,10,1,9,0.1
2009-03,282,126,156,0.44680851063829785
2009-04,2458,442,2016,0.17982099267697316
2009-05,5794,524,5270,0.09043838453572661
2009-06,715,264,451,0.36923076923076925
2009-07,178,66,112,0.3707865168539326
2009-08,770,264,506,0.34285714285714286
2009-09,267,106,161,0.3970037453183521
2009-10,447,180,267,0.40268456375838924
2009-11,357,168,189,0.47058823529411764
2009-12,172,88,84,0.5116279069767442
2010-03,264,150,114,0.5681818181818182
2010-04,174,97,77,0.5574712643678161
2010-05,212,122,90,0.5754716981132075
2010-06,229,107,122,0.4672489082969432
2010-07,311,176,135,0.5659163987138264
2010-08,233,120,113,0.5150214592274678
2010-09,303,150,153,0.49504950495049505
2010-10,204,93,111,0.45588235294117646
2010-11,128,58,70,0.453125
