transformed_feature,base_coefficient,calibrated_coefficient,source_feature,feature_type,display_label,odds_ratio,absolute_calibrated_coefficient
month_oct,2.8225749320882185,2.718705291850771,month,categorical_indicator,month = oct,15.160680875699535,2.718705291850771
marital_unknown,0.4639896022325489,0.4469149685319812,marital,categorical_indicator,marital = unknown,1.563481348519714,0.4469149685319812
job_retired,0.2812251851878102,0.27087620969061893,job,categorical_indicator,job = retired,1.3111127572845431,0.27087620969061893
job_student,0.24671410302809543,0.23763512169381643,job,categorical_indicator,job = student,1.268246352808869,0.23763512169381643
education_illiterate,0.2366831509776936,0.22797330470830496,education,categorical_indicator,education = illiterate,1.2560517943157514,0.22797330470830496
job_unknown,0.11084420096000448,0.10676517824027633,job,categorical_indicator,job = unknown,1.1126729439811283,0.10676517824027633
job_management,0.034365268039085094,0.0331006397780942,job,categorical_indicator,job = management,1.033654560772488,0.0331006397780942
job_entrepreneur,0.03211436175409854,0.030932565953416077,job,categorical_indicator,job = entrepreneur,1.0314159489902135,0.030932565953416077
day_of_week_wed,0.029243012765108163,0.02816688147065085,day_of_week,categorical_indicator,day_of_week = wed,1.0285673189265632,0.02816688147065085
poutcome_failure,0.008343621714367148,0.008036579737944754,poutcome,categorical_indicator,poutcome = failure,1.0080689597282217,0.008036579737944754
poutcome_success,0.0031205444560743877,0.0030057096552999025,poutcome,categorical_indicator,poutcome = success,1.0030102313297111,0.0030057096552999025
day_of_week_fri,-0.008808506100993957,-0.00848435656315947,day_of_week,categorical_indicator,day_of_week = fri,0.991551534015439,0.00848435656315947
education_basic.6y,-0.010811666761403719,-0.010413801704179767,education,categorical_indicator,education = basic.6y,0.9896402341930817,0.010413801704179767
pdays,-0.037231870105087266,-0.03586175202275821,pdays,numeric_standardized,pdays (per 1 SD),0.9647736622712332,0.03586175202275821
education_basic.9y,-0.041362737810909225,-0.0398406054321325,education,categorical_indicator,education = basic.9y,0.9609425959756471,0.0398406054321325
job_blue-collar,-0.04446542981733525,-0.04282911960086454,job,categorical_indicator,job = blue-collar,0.9580750923340577,0.04282911960086454
education_university.degree,-0.04740171699839029,-0.045657352575931016,education,categorical_indicator,education = university.degree,0.9553692609297697,0.045657352575931016
job_services,-0.05850274459580834,-0.056349866751897855,job,categorical_indicator,job = services,0.9452083810475651,0.056349866751897855
age,-0.06319308101831182,-0.06086760065063499,age,numeric_standardized,age (per 1 SD),0.9409478124073093,0.06086760065063499
education_high.school,-0.06474509026447302,-0.062362496570871236,education,categorical_indicator,education = high.school,0.9395422442122201,0.062362496570871236
housing_no,-0.08550637236207237,-0.08235977170524345,housing,categorical_indicator,housing = no,0.9209405707283571,0.08235977170524345
loan_yes,-0.10402180776135235,-0.10019384641081809,loan,categorical_indicator,loan = yes,0.9046620355492814,0.10019384641081809
job_self-employed,-0.10549873527775466,-0.10161642357923088,job,categorical_indicator,job = self-employed,0.9033759989524115,0.10161642357923088
default_yes,-0.1088759668608309,-0.10486937437686375,default,categorical_indicator,default = yes,0.9004421357195305,0.10486937437686375
loan_no,-0.12397203518300064,-0.11940991336027343,loan,categorical_indicator,loan = no,0.8874439510615842,0.11940991336027343
contact_cellular,-0.12637716203125254,-0.12172653249253407,contact,categorical_indicator,contact = cellular,0.8853904609213955,0.12172653249253407
education_professional.course,-0.13841487902830615,-0.13332126626900082,education,categorical_indicator,education = professional.course,0.8751838798794095,0.13332126626900082
day_of_week_thu,-0.14061521733333052,-0.13544063299536296,day_of_week,categorical_indicator,day_of_week = thu,0.8733310084355352,0.13544063299536296
housing_yes,-0.14248747058267888,-0.1372439880662317,housing,categorical_indicator,housing = yes,0.8717575017549839,0.1372439880662317
job_technician,-0.15439008719190098,-0.14870859309566217,job,categorical_indicator,job = technician,0.8618202186725138,0.14870859309566217
job_admin.,-0.15730609121840952,-0.15151728932824074,job,categorical_indicator,job = admin.,0.8594030236435126,0.15151728932824074
day_of_week_tue,-0.17564348558315163,-0.1691798748388743,day_of_week,categorical_indicator,day_of_week = tue,0.8443570111443156,0.1691798748388743
education_unknown,-0.17887560787387402,-0.17229305630867317,education,categorical_indicator,education = unknown,0.8417324620119275,0.17229305630867317
previous,-0.17997206756542056,-0.17334916671758382,previous,numeric_standardized,previous (per 1 SD),0.8408439688532985,0.17334916671758382
default_no,-0.18746182527476812,-0.18056330430790765,default,categorical_indicator,default = no,0.8347998325985609,0.18056330430790765
default_unknown,-0.22693746656103903,-0.2185862576205367,default,categorical_indicator,default = unknown,0.8036541551596666,0.2185862576205367
day_of_week_mon,-0.22745106244059377,-0.21908095337502115,day_of_week,categorical_indicator,day_of_week = mon,0.803256689181507,0.21908095337502115
education_basic.4y,-0.27834671093203267,-0.2681036621480639,education,categorical_indicator,education = basic.4y,0.7648284932288507,0.2681036621480639
housing_unknown,-0.2952814157504242,-0.2844151765324242,housing,categorical_indicator,housing = unknown,0.7524541785297226,0.2844151765324242
loan_unknown,-0.2952814157504242,-0.2844151765324242,loan,categorical_indicator,loan = unknown,0.7524541785297226,0.2844151765324242
marital_single,-0.31966237287895577,-0.30789892408937086,marital,categorical_indicator,marital = single,0.7349896039982705,0.30789892408937086
marital_divorced,-0.31991582891126175,-0.30814305304001377,marital,categorical_indicator,marital = divorced,0.7348101936580331,0.30814305304001377
job_unemployed,-0.33736943780688716,-0.32495437603696425,job,categorical_indicator,job = unemployed,0.7225603189553454,0.32495437603696425
marital_married,-0.347686659135614,-0.33489192770467263,marital,categorical_indicator,marital = married,0.7154153987590764,0.33489192770467263
job_housemaid,-0.3710058517559753,-0.3573529832670701,job,categorical_indicator,job = housemaid,0.6995255333418682,0.3573529832670701
contact_telephone,-0.39689809666063985,-0.382292403808203,contact,categorical_indicator,contact = telephone,0.6822955182265686,0.382292403808203
month_jul,-0.5024082451220253,-0.48391982057042476,month,categorical_indicator,month = jul,0.6163626195343705,0.48391982057042476
poutcome_nonexistent,-0.5347394248623228,-0.5150612256939711,poutcome,categorical_indicator,poutcome = nonexistent,0.5974640133495521,0.5150612256939711
month_nov,-0.5947755409089875,-0.5728880364342901,month,categorical_indicator,month = nov,0.5638945368136677,0.5728880364342901
month_jun,-0.6288835468655065,-0.6057408812726243,month,categorical_indicator,month = jun,0.5456700001580556,0.6057408812726243
month_aug,-0.6406024978278526,-0.6170285794782832,month,categorical_indicator,month = aug,0.5395452739372063,0.6170285794782832
month_may,-0.979180360057686,-0.9431469103977614,month,categorical_indicator,month = may,0.3894004967369768,0.9431469103977614
