model,calibration_method,bin,mean_predicted_probability,observed_response_rate
full_scheduled,uncalibrated,1,0.000152271508202945,0.06775700934579439
full_scheduled,uncalibrated,2,0.00020426532028342895,0.06557377049180328
full_scheduled,uncalibrated,3,0.00024308279298844763,0.08899297423887588
full_scheduled,uncalibrated,4,0.0002832383965325416,0.10046728971962617
full_scheduled,uncalibrated,5,0.0003229077079342459,0.09836065573770492
full_scheduled,uncalibrated,6,0.0003562402419564274,0.11737089201877934
full_scheduled,uncalibrated,7,0.00039289005587052957,0.10256410256410256
full_scheduled,uncalibrated,8,0.0004836465739110051,0.15023474178403756
full_scheduled,sigmoid,1,0.03982730762997131,0.06775700934579439
full_scheduled,sigmoid,2,0.052700314461519564,0.06557377049180328
full_scheduled,sigmoid,3,0.06202195738199735,0.08899297423887588
full_scheduled,sigmoid,4,0.07146543598603382,0.10046728971962617
full_scheduled,sigmoid,5,0.08060469540048695,0.09836065573770492
full_scheduled,sigmoid,6,0.08813794829944617,0.11737089201877934
full_scheduled,sigmoid,7,0.09627042273257265,0.10256410256410256
full_scheduled,sigmoid,8,0.11554812996909987,0.15023474178403756
full_scheduled,isotonic,1,0.05056350158627154,0.0728476821192053
full_scheduled,isotonic,2,0.06769044634698504,0.12612612612612611
full_scheduled,isotonic,3,0.08173880480220178,0.10473815461346633
full_scheduled,isotonic,4,0.08729598110767797,0.1019786910197869
full_scheduled,isotonic,5,0.11644839035508059,0.1799163179916318
no_economic,uncalibrated,1,0.01869789300621004,0.0630841121495327
no_economic,uncalibrated,2,0.024560185582281478,0.06791569086651054
no_economic,uncalibrated,3,0.029603585800654027,0.09133489461358314
no_economic,uncalibrated,4,0.03474380733927182,0.09601873536299765
no_economic,uncalibrated,5,0.03834340221393593,0.0936768149882904
no_economic,uncalibrated,6,0.0418795506116576,0.1358313817330211
no_economic,uncalibrated,7,0.04608322750506066,0.09601873536299765
no_economic,uncalibrated,8,0.056122735355454166,0.14719626168224298
no_economic,sigmoid,1,0.04201605212458205,0.0630841121495327
no_economic,sigmoid,2,0.05578700861553757,0.06791569086651054
no_economic,sigmoid,3,0.06766471278211322,0.09133489461358314
no_economic,sigmoid,4,0.07974275246729111,0.09601873536299765
no_economic,sigmoid,5,0.08816945638396345,0.0936768149882904
no_economic,sigmoid,6,0.0964150335125761,0.1358313817330211
no_economic,sigmoid,7,0.1061664484147914,0.09601873536299765
no_economic,sigmoid,8,0.1290927750344818,0.14719626168224298
no_economic,isotonic,1,0.052758222957229504,0.06758304696449026
no_economic,isotonic,2,0.07792780704274989,0.10224438902743142
no_economic,isotonic,3,0.08659459303024529,0.11888111888111888
no_economic,isotonic,4,0.10655149244802042,0.09939759036144578
no_economic,isotonic,5,0.147481769303899,0.23880597014925373
