feature,category,observations,subscribers,response_rate
job,housemaid,823,27,0.032806804374240585
job,services,2720,132,0.04852941176470588
job,admin.,6825,336,0.04923076923076923
job,blue-collar,6469,302,0.04668418611841088
job,technician,4872,229,0.04700328407224959
job,retired,796,47,0.059045226130653265
job,management,2015,108,0.05359801488833747
job,unemployed,661,24,0.036308623298033284
job,self-employed,992,48,0.04838709677419355
job,unknown,248,13,0.05241935483870968
job,entrepreneur,1066,58,0.054409005628517824
job,student,193,14,0.07253886010362694
marital,married,17587,819,0.04656848808779212
marital,single,6814,360,0.05283240387437629
marital,divorced,3232,154,0.04764851485148515
marital,unknown,47,5,0.10638297872340426
education,basic.4y,2932,109,0.03717598908594816
education,high.school,6209,309,0.04976646803027863
education,basic.6y,1610,80,0.049689440993788817
education,basic.9y,4142,204,0.04925156929019797
education,professional.course,3647,166,0.0455168631752125
education,unknown,1145,50,0.043668122270742356
education,university.degree,7983,419,0.052486533884504576
education,illiterate,12,1,0.08333333333333333
default,no,20498,1031,0.05029759000878135
default,unknown,7179,307,0.042763616102521246
default,yes,3,0,0.0
housing,no,13051,643,0.04926825530610681
housing,yes,13958,673,0.048216076801834075
housing,unknown,671,22,0.03278688524590164
loan,no,22824,1110,0.04863301787592009
loan,yes,4185,206,0.04922341696535245
loan,unknown,671,22,0.03278688524590164
contact,telephone,13706,538,0.03925288194951116
contact,cellular,13974,800,0.05724917704308
month,may,7763,240,0.030915883034909185
month,jun,4374,188,0.04298125285779607
month,jul,6685,407,0.06088257292445774
month,aug,5175,271,0.05236714975845411
month,oct,67,42,0.6268656716417911
month,nov,3616,190,0.05254424778761062
day_of_week,mon,5486,239,0.04356543930003646
day_of_week,tue,5624,254,0.04516358463726885
day_of_week,wed,5713,312,0.05461228776474707
day_of_week,thu,5703,271,0.04751884972821322
day_of_week,fri,5154,262,0.05083430345362825
poutcome,nonexistent,26947,1311,0.04865105577615319
poutcome,failure,698,24,0.034383954154727794
poutcome,success,35,3,0.08571428571428572
