model,bin,mean_predicted_probability,observed_response_rate,calibration_difference
random_forest_unweighted,1,0.04065458276906767,0.07485380116959064,-0.03419921840052297
random_forest_unweighted,2,0.047336077480313474,0.07259953161592506,-0.025263454135611582
random_forest_unweighted,3,0.05104730988533858,0.10655737704918032,-0.05551006716384174
random_forest_unweighted,4,0.05418874506136949,0.08070175438596491,-0.026513009324595424
random_forest_unweighted,5,0.057153211253052526,0.09133489461358314,-0.03418168336053062
random_forest_unweighted,6,0.06003879259269361,0.1358313817330211,-0.07579258914032748
random_forest_unweighted,7,0.06321677747757432,0.11345029239766082,-0.0502335149200865
random_forest_unweighted,8,0.06691188834955049,0.13466042154566746,-0.06774853319611697
random_forest_unweighted,9,0.07207226649811888,0.18501170960187355,-0.11293944310375467
random_forest_unweighted,10,0.08254866727775836,0.28421052631578947,-0.2016618590380311
random_forest_balanced,1,0.2987523276673731,0.06900584795321638,0.2297464797141567
random_forest_balanced,2,0.3404146726518831,0.07494145199063232,0.2654732206612508
random_forest_balanced,3,0.365786911948835,0.09250585480093677,0.27328105714789824
random_forest_balanced,4,0.38565759066484595,0.11448598130841121,0.27117160935643475
random_forest_balanced,5,0.4024829859552863,0.12661195779601406,0.2758710281592722
random_forest_balanced,6,0.41839943866452617,0.11592505854800937,0.3024743801165168
random_forest_balanced,7,0.434516327985398,0.11461988304093568,0.31989644494446234
random_forest_balanced,8,0.45117225781856124,0.14402810304449648,0.30714415477406476
random_forest_balanced,9,0.4716722385841956,0.16159250585480095,0.31007973272939465
random_forest_balanced,10,0.5133913568876948,0.2654970760233918,0.24789428086430298
